time,pitch,energy
0.0,-3000.0,0.0
0.01,-3000.0,0.0
0.02,-3000.0,0.0
0.03,-3000.0,0.0
0.04,-3000.0,0.0
0.05,-3000.0,0.0
0.06,-3000.0,0.0
0.07,-3000.0,27.671860641480002
0.08,-3000.0,29.051913502304952
0.09,-3000.0,32.11458604428423
0.1,-3000.0,38.25339431102683
0.11,-3000.0,45.39586238091916
0.12,-3000.0,51.36401438704748
0.13,-3000.0,55.9390799968868
0.14,-3000.0,59.29527367218627
0.15,-3000.0,61.64739006374986
0.16,-3000.0,63.224409917864634
0.17,-3000.0,64.26017533307576
0.18,-3000.0,64.94901020077361
0.19,-3000.0,65.3971683921477
0.2,-3000.0,65.6460532589528
0.21,-3000.0,65.75366584663564
0.22,-3000.0,65.82084221381022
0.23,-3000.0,65.9212466606454
0.24,-3000.0,66.04825712165288
0.25,-3000.0,66.17039610070493
0.26,-3000.0,66.2870913700647
0.27,-3000.0,66.3830641511786
0.28,-3000.0,66.3852255194187
0.29,-3000.0,66.23387382650785
0.3,-3000.0,65.97117463571024
0.31,-3000.0,65.71615545981294
0.32,-3000.0,65.57193164834847
0.33,-3000.0,65.59486554384083
0.34,-3000.0,65.79779845484701
0.35000000000000003,-3000.0,66.11002377707123
0.36,-3000.0,66.39719872897392
0.37,-3000.0,66.57035954459089
0.38,-3000.0,66.63857456837579
0.39,-3000.0,66.64723823337589
0.4,-3000.0,66.59745041423929
0.41000000000000003,-3000.0,66.45983975099624
0.42,-3000.0,66.23968533500147
0.43,-3000.0,65.97534103072054
0.44,-3000.0,65.69001207684512
0.45,-3000.0,65.39063551649322
0.46,-3000.0,65.09325270708113
0.47000000000000003,-3000.0,64.80632773692236
0.48,-3000.0,64.51084884640727
0.49,-3000.0,64.19075375791728
0.5,-3000.0,63.86187564008559
0.51,-3000.0,63.53841758530404
0.52,-3000.0,63.17664342805443
0.53,-3000.0,62.68095988162209
0.54,-3000.0,61.972244982482046
0.55,-3000.0,61.04314780911733
0.56,-3000.0,59.96686421696987
0.5700000000000001,-3000.0,58.88378772792394
0.58,-3000.0,57.97210018191072
0.59,-3000.0,57.3546659737493
0.6,-3000.0,56.98701222830235
0.61,-3000.0,56.70820379575957
0.62,-3000.0,56.409108372189785
0.63,-3000.0,56.08789492284285
0.64,-3000.0,55.77017127164837
0.65,-3000.0,55.437832512726864
0.66,-3000.0,55.05264629931958
0.67,-3000.0,54.60240258713544
0.68,-3000.0,54.083906014641585
0.6900000000000001,-3000.0,53.459369496557684
0.7000000000000001,-3000.0,52.66547014415325
0.71,-3000.0,51.67035571253353
0.72,-3000.0,50.52024324109903
0.73,-3000.0,49.340776625261036
0.74,-3000.0,48.27197209601434
0.75,-3000.0,47.36158768343561
0.76,-3000.0,46.55539309952042
0.77,-3000.0,45.85182424777713
0.78,-3000.0,45.395098952457694
0.79,-3000.0,45.309557153846306
0.8,-3000.0,45.54390430498809
0.81,-3000.0,45.97812524675805
0.8200000000000001,-3000.0,46.51371819683802
0.8300000000000001,-3000.0,47.062760617442265
0.84,-3000.0,47.56510412903747
0.85,-3000.0,48.00412279086805
0.86,-3000.0,48.37640253366046
0.87,-3000.0,48.65792443110308
0.88,-3000.0,48.840808123876805
0.89,-3000.0,49.00023081092575
0.9,-3000.0,49.266448830755635
0.91,-3000.0,49.72729102060243
0.92,-3000.0,50.433300973390345
0.93,-3000.0,51.46928169396257
0.9400000000000001,-3000.0,52.883476171802414
0.9500000000000001,-3000.0,54.565543981354374
0.96,-3000.0,56.297699967424826
0.97,-3000.0,57.87136774903615
0.98,-3000.0,59.13148965425081
0.99,-3000.0,59.98665929034513
1.0,1201.0,60.41257684822161
1.01,1206.0,60.44907614057516
1.02,1214.0,60.20256365377111
1.03,1219.0,59.85645731954247
1.04,1221.0,59.648813335450036
1.05,1219.0,59.76405784335916
1.06,1218.0,60.21956637941189
1.07,1213.0,60.89995095320974
1.08,1208.0,61.65568638675737
1.09,1206.0,62.340511788501225
1.1,1204.0,62.83710357509327
1.11,1198.0,63.09403520508912
1.12,1192.0,63.13692210579561
1.1300000000000001,1189.0,63.04648741455549
1.1400000000000001,1185.0,62.92922938406082
1.1500000000000001,1182.0,62.896461018751076
1.16,1181.0,63.02155411540114
1.17,1186.0,63.27271596218292
1.18,1189.0,63.51996317025959
1.19,1193.0,63.639682088201035
1.2,1200.0,63.60362454048468
1.21,1204.0,63.49267350945868
1.22,1207.0,63.430864487657246
1.23,1201.0,63.46190314384022
1.24,1197.0,63.49172686216566
1.25,1197.0,63.374454493863716
1.26,1200.0,63.025473614119456
1.27,1203.0,62.468929214404234
1.28,1206.0,61.83947418598882
1.29,1206.0,61.351463367808385
1.3,1203.0,61.199540262196955
1.31,1191.0,61.40576593644763
1.32,1179.0,61.782537017411336
1.33,1173.0,62.06712006443503
1.34,1170.0,62.04276211035717
1.35,1168.0,61.56678216055895
1.36,1166.0,60.55388423674733
1.37,-3000.0,58.94669046517958
1.3800000000000001,-3000.0,56.68822080748826
1.3900000000000001,-3000.0,53.717042882597426
1.4000000000000001,-3000.0,50.05255746053289
1.41,-3000.0,46.22854773162308
1.42,-3000.0,43.87783341171869
1.43,-3000.0,43.550652979483836
1.44,-3000.0,43.21295713849919
1.45,-3000.0,41.79014395481862
1.46,-3000.0,39.142086674422956
1.47,-3000.0,35.539529212596065
1.48,-3000.0,31.82619332200105
1.49,-3000.0,29.07650975551188
1.5,-3000.0,27.412262530635555
1.51,-3000.0,26.476153945860705
1.52,-3000.0,26.043695895329268
1.53,-3000.0,25.81229172916476
1.54,-3000.0,25.593433668528657
1.55,-3000.0,25.332671731559877
1.56,-3000.0,25.05199142743361
1.57,-3000.0,24.85746610912112
1.58,-3000.0,24.849597788364125
1.59,-3000.0,25.045200355097503
1.6,-3000.0,25.401608276603035
1.61,-3000.0,25.862844884781655
1.62,-3000.0,26.473326734703544
1.6300000000000001,-3000.0,27.363208454870595
1.6400000000000001,-3000.0,28.48359321818421
1.6500000000000001,-3000.0,29.560153929798027
1.6600000000000001,-3000.0,30.32543304736183
1.67,-3000.0,30.697681767228534
1.68,-3000.0,30.86225754223185
1.69,-3000.0,31.072479510846023
1.7,-3000.0,31.315574752107388
1.71,-3000.0,31.552583160255
1.72,-3000.0,31.96463991533098
1.73,-3000.0,32.55493204401635
1.74,-3000.0,33.1716149373537
1.75,-3000.0,33.94480054987368
1.76,-3000.0,35.051067507900164
1.77,-3000.0,36.30223717237515
1.78,-3000.0,37.39441014249924
1.79,-3000.0,38.23715950309379
1.8,-3000.0,38.90700197880633
1.81,-3000.0,39.47501593034098
1.82,-3000.0,39.981219352296435
1.83,-3000.0,40.522514597318995
1.84,-3000.0,41.16512440368947
1.85,-3000.0,41.81295610506465
1.86,-3000.0,42.32814184206659
1.87,-3000.0,42.6418705089417
1.8800000000000001,-3000.0,42.72884662007439
1.8900000000000001,-3000.0,42.659200158315635
1.9000000000000001,-3000.0,42.623561698918316
1.9100000000000001,-3000.0,42.741328350934374
1.92,-3000.0,42.95700921195193
1.93,-3000.0,43.18869746029813
1.94,-3000.0,43.39073190723276
1.95,-3000.0,43.544429514231105
1.96,-3000.0,43.67893481345703
1.97,-3000.0,43.818626739516105
1.98,-3000.0,43.9362830783304
1.99,-3000.0,44.052372654739585
2.0,-3000.0,44.29752389600919
2.0100000000000002,-3000.0,44.722672065455185
2.02,-3000.0,45.16538836205818
2.0300000000000002,-3000.0,45.47029587672856
2.04,-3000.0,45.620946964429734
2.05,-3000.0,45.5992977086688
2.06,-3000.0,45.40571178533603
2.07,-3000.0,45.28851107523794
2.08,-3000.0,45.554236450042175
2.09,-3000.0,46.01639891117069
2.1,-3000.0,46.215344698073
2.11,-3000.0,45.96862750058732
2.12,-3000.0,45.40315861776781
2.13,-3000.0,44.70115944935316
2.14,-3000.0,43.838030246705195
2.15,-3000.0,42.633574009095035
2.16,-3000.0,41.065107518714704
2.17,-3000.0,39.450557803988026
2.18,-3000.0,38.15897383075317
2.19,-3000.0,37.0499710521181
2.2,-3000.0,35.7383200038535
2.21,-3000.0,34.20222201605931
2.22,-3000.0,32.743966523636374
2.23,-3000.0,31.54300755223462
2.24,-3000.0,30.48614211376111
2.25,-3000.0,29.531795605124408
2.2600000000000002,-3000.0,28.945804693655713
2.27,-3000.0,29.3203335786089
2.2800000000000002,-3000.0,31.296991632284257
2.29,-3000.0,34.961095280191586
2.3000000000000003,-3000.0,39.59912257809313
2.31,-3000.0,43.92717032180696
2.32,-3000.0,47.14132609648922
2.33,-3000.0,49.1209951549145
2.34,-3000.0,50.48655275560561
2.35,-3000.0,52.843427022978155
2.36,-3000.0,56.86865091062861
2.37,-3000.0,61.609128989543535
2.38,468.0,66.87336382536093
2.39,481.0,72.07967870179034
2.4,534.0,76.32300971694616
2.41,546.0,79.22138820010328
2.42,562.0,80.76250513267082
2.43,532.0,81.13413686368574
2.44,523.0,80.74522487194427
2.45,510.0,80.1922835084164
2.46,494.0,79.92602609290347
2.47,457.0,80.03802238979345
2.48,418.0,80.41791821805715
2.49,384.0,80.71128684530865
2.5,364.0,80.54425250290818
2.5100000000000002,335.0,79.93279758810375
2.52,311.0,79.22788516034343
2.5300000000000002,293.0,78.60423504280263
2.54,278.0,77.87425202527677
2.5500000000000003,270.0,76.9741422858293
2.56,262.0,76.14356496732887
2.57,265.0,75.62525048478551
2.58,270.0,75.47541260215144
2.59,282.0,75.63217415938632
2.6,310.0,75.95362806467232
2.61,361.0,76.21297010891573
2.62,400.0,76.12245295866784
2.63,434.0,75.44992368202129
2.64,433.0,74.2077036911721
2.65,478.0,72.79117653780888
2.66,547.0,71.84204965038758
2.67,682.0,71.72506239814025
2.68,693.0,72.28206180636012
2.69,690.0,73.17651121994622
2.7,677.0,74.24442232548665
2.71,663.0,75.44823067777313
2.72,638.0,76.60560340325739
2.73,625.0,77.45193549307538
2.74,601.0,77.86664443884764
2.75,560.0,77.8668673266578
2.7600000000000002,526.0,77.58571092622697
2.77,480.0,77.43704668735326
2.7800000000000002,459.0,77.91345207276481
2.79,449.0,78.81265163188128
2.8000000000000003,442.0,79.50644172417636
2.81,443.0,79.6965375570519
2.82,450.0,79.39389986350807
2.83,464.0,78.72606998674719
2.84,478.0,77.87480902495194
2.85,490.0,77.07536262632415
2.86,491.0,76.51229795887579
2.87,487.0,76.18056164627399
2.88,480.0,75.98322776864246
2.89,477.0,75.85375206615463
2.9,477.0,75.76259658586041
2.91,483.0,75.8095760838951
2.92,517.0,76.17538574691916
2.93,580.0,76.85866010492597
2.94,644.0,77.79424567587452
2.95,767.0,78.92426983228754
2.96,839.0,79.79290808023806
2.97,858.0,79.73495438259364
2.98,878.0,78.31417376600764
2.99,879.0,75.37028461373805
3.0,841.0,71.58439218439187
3.0100000000000002,769.0,70.94391128691112
3.02,864.0,75.9603629566833
3.0300000000000002,1028.0,80.82876025954643
3.04,1038.0,84.2378873012371
3.0500000000000003,1018.0,86.205168562403
3.06,981.0,86.86815473634131
3.0700000000000003,949.0,86.50620263393148
3.08,931.0,85.60549837800953
3.09,928.0,84.7057399230997
3.1,926.0,84.03265711565122
3.11,916.0,83.57313806504982
3.12,903.0,83.38588257589821
3.13,897.0,83.47062444702122
3.14,893.0,83.66653204613331
3.15,892.0,83.82816320330076
3.16,892.0,83.92456443576319
3.17,892.0,83.98828739372159
3.18,895.0,84.04076497251357
3.19,897.0,84.07260017907083
3.2,897.0,84.06891846760637
3.21,896.0,84.02865602670138
3.22,896.0,83.97340119412476
3.23,893.0,83.95482602608247
3.24,889.0,84.030821528838
3.25,883.0,84.20668257056795
3.2600000000000002,876.0,84.36847898722064
3.27,871.0,84.24623432065543
3.2800000000000002,870.0,83.48726759913372
3.29,875.0,81.814495494747
3.3000000000000003,887.0,79.22321531331573
3.31,900.0,76.33057337147486
3.3200000000000003,929.0,74.38047841692112
3.33,947.0,73.69402159058596
3.34,966.0,73.6051124416531
3.35,997.0,74.05175863653967
3.36,1021.0,75.05216821836402
3.37,1040.0,76.28070695149503
3.38,1037.0,77.44901021659724
3.39,1035.0,78.43282891523427
3.4,1031.0,79.19336413088412
3.41,1026.0,79.76628950407036
3.42,1018.0,80.24379582351983
3.43,1014.0,80.69217245449913
3.44,1009.0,81.08998290902973
3.45,1000.0,81.38633937738628
3.46,990.0,81.5994045093153
3.47,978.0,81.80286222161695
3.48,972.0,82.05072709623522
3.49,961.0,82.38373575942296
3.5,950.0,82.83939618867056
3.5100000000000002,932.0,83.3766429467159
3.52,911.0,83.87361188879356
3.5300000000000002,895.0,84.23388228604067
3.54,883.0,84.43655562176636
3.5500000000000003,879.0,84.51012377283764
3.56,881.0,84.51825965525646
3.5700000000000003,888.0,84.54743705574523
3.58,905.0,84.59473155545572
3.59,930.0,84.42916085256131
3.6,956.0,83.65827257492295
3.61,985.0,81.91566398554976
3.62,1027.0,78.9637328422256
3.63,1012.0,74.83063980230028
3.64,1025.0,70.36580904823963
3.65,1016.0,67.63792103713209
3.66,-3000.0,67.10127544473664
3.67,-3000.0,67.11903251687069
3.68,-3000.0,67.30876209976644
3.69,-3000.0,68.5889756758802
3.7,1017.0,71.69899135786503
3.71,1087.0,75.44355579696621
3.72,1093.0,78.55512657527709
3.73,1085.0,80.64822865609989
3.74,1061.0,81.7663376487348
3.75,1040.0,82.1883398053424
3.7600000000000002,1017.0,82.33445030492592
3.77,1006.0,82.52936300611927
3.7800000000000002,993.0,82.79021362835933
3.79,980.0,82.96501847139233
3.8000000000000003,967.0,82.97886664544218
3.81,957.0,82.90809504452086
3.8200000000000003,949.0,82.89792384489522
3.83,940.0,83.00285188260284
3.84,932.0,83.15539449994137
3.85,924.0,83.29684212532828
3.86,919.0,83.41438704124398
3.87,918.0,83.45819365837669
3.88,911.0,83.3472751619013
3.89,902.0,83.07961360044237
3.9,891.0,82.801667265057
3.91,880.0,82.72711658179578
3.92,877.0,82.89941126082992
3.93,875.0,83.12722192013871
3.94,874.0,83.23360521969603
3.95,873.0,83.21452119902065
3.96,872.0,83.17082742123615
3.97,871.0,83.16215041194795
3.98,875.0,83.15203406553373
3.99,882.0,83.12482960610481
4.0,893.0,83.1924834833584
4.01,905.0,83.46921152113633
4.0200000000000005,916.0,83.86211536940557
4.03,928.0,84.16209155253541
4.04,946.0,84.29843777441704
4.05,967.0,84.38642482830198
4.0600000000000005,984.0,84.53383882604193
4.07,996.0,84.6653959262122
4.08,1012.0,84.63305235955195
4.09,1022.0,84.35237862616448
4.1,1040.0,83.73726771112804
4.11,1057.0,82.67984482626288
4.12,1076.0,81.24668907115331
4.13,1101.0,79.90854673205597
4.14,1113.0,79.28748380844053
4.15,1125.0,79.35206038043464
4.16,1126.0,79.58475090217031
4.17,1130.0,79.74501205503181
4.18,1133.0,79.87432133835597
4.19,1139.0,79.99590804925909
4.2,1144.0,80.0067150043736
4.21,1148.0,79.81246971332374
4.22,1150.0,79.42334334947766
4.23,1155.0,78.91723374014857
4.24,1161.0,78.39753088337764
4.25,1164.0,77.99086962285223
4.26,1167.0,77.79031187666148
4.2700000000000005,1166.0,77.74977513945682
4.28,1170.0,77.71626661699061
4.29,1171.0,77.59273764363887
4.3,1172.0,77.41868733544241
4.3100000000000005,1171.0,77.30044999633192
4.32,1171.0,77.29079748484108
4.33,1171.0,77.35167518685223
4.34,1173.0,77.40512741452763
4.3500000000000005,1174.0,77.39228317374786
4.36,1177.0,77.31090286468567
4.37,1179.0,77.20458445100168
4.38,1178.0,77.10682512697724
4.39,1177.0,77.01639226637278
4.4,1174.0,76.92930626231518
4.41,1170.0,76.87600852689485
4.42,1168.0,76.94301420767654
4.43,1166.0,77.25773433650437
4.44,1163.0,77.91286862801827
4.45,1155.0,78.88805852194128
4.46,1145.0,80.0260041611088
4.47,1132.0,81.08069497992867
4.48,1111.0,81.83361509408925
4.49,1081.0,82.19823634127077
4.5,1044.0,82.25187248931736
4.51,1010.0,82.16543089393873
4.5200000000000005,991.0,82.04178190008457
4.53,975.0,81.8265589376834
4.54,972.0,81.37272229125033
4.55,974.0,80.49726742465438
4.5600000000000005,978.0,79.00579541757095
4.57,976.0,76.79303924837717
4.58,976.0,74.09871750717416
4.59,985.0,71.85341072638239
4.6000000000000005,978.0,71.09971857677566
4.61,974.0,71.62349452316604
4.62,976.0,72.93671952773427
4.63,987.0,74.65877758228467
4.64,986.0,76.16553090229125
4.65,994.0,77.10639907841193
4.66,993.0,77.52018389004876
4.67,992.0,77.60332889176456
4.68,993.0,77.52558755450886
4.69,995.0,77.39345937627306
4.7,993.0,77.28802707485814
4.71,989.0,77.26257170319957
4.72,986.0,77.32721145018324
4.73,983.0,77.45095206906362
4.74,981.0,77.57205593097669
4.75,980.0,77.64075168918043
4.76,979.0,77.65506469813818
4.7700000000000005,978.0,77.63682050466127
4.78,980.0,77.59876057836705
4.79,982.0,77.55522833608065
4.8,985.0,77.5314585484674
4.8100000000000005,989.0,77.53473005520407
4.82,990.0,77.53550171842461
4.83,992.0,77.49505451182209
4.84,993.0,77.40342227769302
4.8500000000000005,996.0,77.28575088962816
4.86,1000.0,77.1759341225181
4.87,1001.0,77.09274534078808
4.88,1001.0,77.04766649038469
4.89,998.0,77.05630898595871
4.9,992.0,77.12603792612839
4.91,988.0,77.24877196331107
4.92,986.0,77.40759380023277
4.93,983.0,77.57300067134989
4.94,981.0,77.70428266628133
4.95,981.0,77.77366123038492
4.96,982.0,77.78689382546686
4.97,984.0,77.7750550908487
4.98,985.0,77.76539666820477
4.99,985.0,77.76217117676521
5.0,985.0,77.75387130725177
5.01,985.0,77.73269116785366
5.0200000000000005,986.0,77.70866426681877
5.03,986.0,77.70136306813654
5.04,986.0,77.71224678792358
5.05,985.0,77.72236438002611
5.0600000000000005,987.0,77.71962726157896
5.07,988.0,77.70464950096091
5.08,988.0,77.68286646788215
5.09,987.0,77.67461796039379
5.1000000000000005,985.0,77.70754218337413
5.11,982.0,77.7814459277189
5.12,981.0,77.86208081053867
5.13,982.0,77.90873316343273
5.14,983.0,77.89850560932443
5.15,984.0,77.83869456607303
5.16,984.0,77.7582845981897
5.17,983.0,77.67951367036959
5.18,983.0,77.60592986966597
5.19,983.0,77.53340638852913
5.2,984.0,77.45112422036775
5.21,986.0,77.34774876688147
5.22,989.0,77.23903371864489
5.23,991.0,77.16429233139034
5.24,988.0,77.14623832218182
5.25,986.0,77.17978088862624
5.26,983.0,77.24921268538046
5.2700000000000005,980.0,77.33708428375756
5.28,978.0,77.43161643508853
5.29,977.0,77.52761057609386
5.3,973.0,77.61561455539022
5.3100000000000005,969.0,77.6895107599295
5.32,959.0,77.77088304415629
5.33,949.0,77.90062450563542
5.34,939.0,78.09749622314841
5.3500000000000005,930.0,78.34398908320269
5.36,920.0,78.60286313385126
5.37,913.0,78.82244053616922
5.38,908.0,78.9487597869064
5.39,903.0,78.96527826990366
5.4,898.0,78.91160642460785
5.41,895.0,78.83689934960616
5.42,892.0,78.73991369276071
5.43,887.0,78.59376372991825
5.44,882.0,78.42222404254953
5.45,881.0,78.29146188510391
5.46,883.0,78.21887258098579
5.47,885.0,78.1623771755955
5.48,885.0,78.10911674129393
5.49,887.0,78.09002955755969
5.5,891.0,78.1035631082358
5.51,894.0,78.10782487334231
5.5200000000000005,893.0,78.09699283553974
5.53,892.0,78.11692569374254
5.54,892.0,78.19553093145984
5.55,893.0,78.31642989807057
5.5600000000000005,891.0,78.48186592235848
5.57,889.0,78.74479408628436
5.58,886.0,79.14123229183639
5.59,884.0,79.61141050633188
5.6000000000000005,876.0,79.98027192129321
5.61,864.0,79.96056862390977
5.62,846.0,79.19421889203268
5.63,842.0,77.33726728712348
5.64,843.0,74.12788133916285
5.65,778.0,69.71319682184544
5.66,762.0,66.64239269561529
5.67,740.0,70.10997477478338
5.68,783.0,75.31874065159828
5.69,835.0,79.09731985596514
5.7,854.0,81.34383622591841
5.71,847.0,82.21685996345538
5.72,847.0,81.98413586445746
5.73,854.0,81.07579626203291
5.74,866.0,80.06587732427118
5.75,876.0,79.40079150331512
5.76,877.0,79.14739695350643
5.7700000000000005,878.0,79.14840421806686
5.78,877.0,79.23297619052657
5.79,875.0,79.2906249811631
5.8,873.0,79.29280207439527
5.8100000000000005,872.0,79.23749075120026
5.82,871.0,79.094714522268
5.83,867.0,78.84948217410857
5.84,864.0,78.55664284139775
5.8500000000000005,864.0,78.31061578393482
5.86,866.0,78.19415695999278
5.87,869.0,78.25064586150606
5.88,872.0,78.43266049579937
5.89,874.0,78.61869935907151
5.9,873.0,78.73219112631769
5.91,873.0,78.77160142673553
5.92,873.0,78.73601500897729
5.93,871.0,78.61976882147863
5.94,870.0,78.46661090891106
5.95,871.0,78.33832642069832
5.96,872.0,78.25654785123419
5.97,872.0,78.23971234953115
5.98,875.0,78.31519308181075
5.99,880.0,78.44934850740319
6.0,882.0,78.57264782623979
6.01,881.0,78.6747791991208
6.0200000000000005,882.0,78.78305306045961
6.03,884.0,78.88017691772448
6.04,884.0,78.92751672533686
6.05,881.0,78.935382756619
6.0600000000000005,881.0,78.93315377664943
6.07,880.0,78.90298489842561
6.08,877.0,78.8191195158868
6.09,874.0,78.71756852729283
6.1000000000000005,874.0,78.65236667772324
6.11,875.0,78.62117878225816
6.12,873.0,78.60258027627657
6.13,874.0,78.60648187897074
6.140000000000001,878.0,78.6312282629352
6.15,880.0,78.64335795212105
6.16,881.0,78.63110620919782
6.17,882.0,78.61369485503161
6.18,883.0,78.59592683518251
6.19,882.0,78.5664054165667
6.2,881.0,78.52976692045308
6.21,880.0,78.4989750983468
6.22,878.0,78.46820309596644
6.23,876.0,78.42112625051682
6.24,873.0,78.35513063677465
6.25,871.0,78.28383508990736
6.26,871.0,78.22370003418432
6.2700000000000005,873.0,78.17862717512219
6.28,876.0,78.13742909552082
6.29,879.0,78.09641860486856
6.3,880.0,78.06742397387286
6.3100000000000005,882.0,78.04493596671472
6.32,884.0,78.00324702246438
6.33,883.0,77.9462110233938
6.34,881.0,77.9063286798201
6.3500000000000005,882.0,77.88121445658844
6.36,883.0,77.84082234017355
6.37,883.0,77.80282813076707
6.38,884.0,77.81372719621939
6.390000000000001,886.0,77.85494603763867
6.4,886.0,77.86851249530831
6.41,885.0,77.86569875437915
6.42,884.0,77.90300828390494
6.43,885.0,77.96374229937162
6.44,884.0,77.97925459059098
6.45,881.0,77.95309245498103
6.46,881.0,77.9443832575546
6.47,885.0,77.94100489143206
6.48,885.0,77.87740795664838
6.49,882.0,77.77524308074373
6.5,880.0,77.732019543314
6.51,881.0,77.7619221632417
6.5200000000000005,879.0,77.79385090107978
6.53,875.0,77.82571357850648
6.54,878.0,77.9126156680152
6.55,883.0,78.02985612362133
6.5600000000000005,886.0,78.1055652847942
6.57,886.0,78.14385875481267
6.58,888.0,78.18439204437615
6.59,889.0,78.19432314775271
6.6000000000000005,884.0,78.11943669490945
6.61,877.0,78.0029552086637
6.62,876.0,77.94332461429673
6.63,877.0,77.95016923761844
6.640000000000001,878.0,77.96330134007802
6.65,880.0,77.98708577490315
6.66,884.0,78.06153613547411
6.67,888.0,78.14052231892728
6.68,888.0,78.14227330882065
6.69,886.0,78.08635486374881
6.7,885.0,78.06161956524299
6.71,887.0,78.07731189757746
6.72,885.0,78.06794448795976
6.73,882.0,78.03964343380322
6.74,882.0,78.07315427208215
6.75,885.0,78.17154215675824
6.76,886.0,78.24327170427165
6.7700000000000005,883.0,78.25758139848166
6.78,883.0,78.27817399916817
6.79,886.0,78.3238255234515
6.8,887.0,78.3226739068849
6.8100000000000005,884.0,78.24545696616225
6.82,882.0,78.16234388690943
6.83,883.0,78.1213812748515
6.84,885.0,78.07223689022071
6.8500000000000005,884.0,77.9780269959148
6.86,884.0,77.89785647221787
6.87,887.0,77.88126333628429
6.88,890.0,77.87113740660365
6.890000000000001,888.0,77.80326337306235
6.9,886.0,77.71446760022717
6.91,886.0,77.66653055784239
6.92,888.0,77.6280350813738
6.93,887.0,77.53756207768618
6.94,886.0,77.43844752462266
6.95,886.0,77.43222536258156
6.96,888.0,77.50713729329198
6.97,887.0,77.5520013568982
6.98,884.0,77.54744489213466
6.99,884.0,77.599154311976
7.0,890.0,77.7510991600093
7.01,896.0,77.89846586746816
7.0200000000000005,897.0,77.96588193713647
7.03,898.0,78.03589027001325
7.04,901.0,78.21077685793895
7.05,907.0,78.41185352941298
7.0600000000000005,916.0,78.4388887314709
7.07,923.0,78.17625181531561
7.08,930.0,77.6799993512443
7.09,936.0,77.14242554022225
7.1000000000000005,942.0,76.77102577141262
7.11,947.0,76.63630190806029
7.12,951.0,76.66431817568252
7.13,952.0,76.7914090897643
7.140000000000001,952.0,77.04146251088301
7.15,951.0,77.42501128151987
7.16,950.0,77.82185708737434
7.17,952.0,78.00153229013674
7.18,956.0,77.71042748076118
7.19,951.0,76.74260484398397
7.2,944.0,75.039670332703
7.21,962.0,72.87980067534588
7.22,968.0,70.99053781126148
7.23,966.0,69.98691393947146
7.24,966.0,69.76031036564514
7.25,959.0,70.26050735368867
7.26,967.0,71.72280998509662
7.2700000000000005,986.0,73.70659679472116
7.28,972.0,75.36912690270117
7.29,977.0,76.37185508985516
7.3,979.0,76.83801873679965
7.3100000000000005,978.0,77.04446763996883
7.32,976.0,77.17499822334781
7.33,973.0,77.25741333869766
7.34,973.0,77.29202578167701
7.3500000000000005,974.0,77.32337613495581
7.36,975.0,77.38035801204254
7.37,976.0,77.44595032750173
7.38,977.0,77.50153394444233
7.390000000000001,976.0,77.54087674235704
7.4,974.0,77.56347693726485
7.41,974.0,77.60251647694189
7.42,971.0,77.71316360081703
7.43,964.0,77.89605774312523
7.44,957.0,78.09491353400698
7.45,950.0,78.2845593029055
7.46,939.0,78.49349951239753
7.47,925.0,78.74766090880182
7.48,914.0,79.04728918344543
7.49,903.0,79.37584346586888
7.5,897.0,79.68481263751346
7.51,893.0,79.91364898845778
7.5200000000000005,887.0,80.0697139607164
7.53,882.0,80.24466558115918
7.54,881.0,80.50454570939283
7.55,879.0,80.81542976629088
7.5600000000000005,876.0,81.13078750983699
7.57,875.0,81.45519139562145
7.58,877.0,81.74651918223309
7.59,875.0,81.81445279549293
7.6000000000000005,865.0,81.36041613231637
7.61,863.0,80.07236829311299
7.62,861.0,77.66705840617097
7.63,853.0,73.95235158162725
7.640000000000001,-3000.0,70.03063331334376
7.65,-3000.0,71.2863073440328
7.66,830.0,76.08976747506331
7.67,867.0,79.4918229004014
7.68,877.0,81.40893305072369
7.69,872.0,82.0769093385774
7.7,872.0,81.80930578550473
7.71,877.0,81.03533052244765
7.72,881.0,80.19059825195984
7.73,885.0,79.51567276384247
7.74,888.0,79.07334459992956
7.75,890.0,78.88443452049098
7.76,891.0,78.88357903096285
7.7700000000000005,891.0,78.92361161252946
7.78,889.0,78.92171403861475
7.79,887.0,78.90230260116374
7.8,888.0,78.90046219733644
7.8100000000000005,888.0,78.89722922439641
7.82,887.0,78.87225601460851
7.83,886.0,78.85105551517805
7.84,887.0,78.85477906786076
7.8500000000000005,887.0,78.85830278908438
7.86,887.0,78.84323017727245
7.87,888.0,78.84183984432377
7.88,889.0,78.88634908328567
7.890000000000001,889.0,78.95105129890233
7.9,889.0,78.98717609981591
7.91,887.0,78.99006052032775
7.92,887.0,78.99433230926942
7.930000000000001,888.0,79.01653403973093
7.94,889.0,79.03828947628382
7.95,889.0,79.04517266407689
7.96,889.0,79.0516822993609
7.97,888.0,79.07835950570433
7.98,887.0,79.11839610371626
7.99,886.0,79.14456563991199
8.0,885.0,79.14887559709177
8.01,884.0,79.15456957347978
8.02,885.0,79.17567304789503
8.03,887.0,79.18342779683324
8.040000000000001,891.0,79.14154690757823
8.05,892.0,79.06490244653394
8.06,891.0,79.00880654982797
8.07,892.0,78.99411181128018
8.08,894.0,78.98423207447158
8.09,895.0,78.95434513797983
8.1,896.0,78.93423925422162
8.11,899.0,78.95216811739527
8.120000000000001,900.0,78.974247451255
8.13,898.0,78.94604896983203
8.14,894.0,78.87166505673292
8.15,890.0,78.81005023412172
8.16,888.0,78.79157583326437
8.17,888.0,78.77619241136838
8.18,888.0,78.72445107261736
8.19,886.0,78.6630573470204
8.2,887.0,78.62804456112747
8.21,888.0,78.5888417100311
8.22,886.0,78.50694002353164
8.23,883.0,78.42879687056359
8.24,884.0,78.43322211073784
8.25,886.0,78.5107372806445
8.26,887.0,78.5888225863344
8.27,888.0,78.6426605146662
8.28,889.0,78.68929902962653
8.290000000000001,891.0,78.71323139209477
8.3,891.0,78.68429116669628
8.31,890.0,78.62944680331798
8.32,891.0,78.60467685259795
8.33,892.0,78.59783049102684
8.34,891.0,78.54080468989605
8.35,889.0,78.42000936956138
8.36,889.0,78.29920965402563
8.370000000000001,889.0,78.21999154754448
8.38,888.0,78.14951366880696
8.39,886.0,78.06455896174994
8.4,884.0,78.0062167403369
8.41,886.0,78.00327136843323
8.42,887.0,78.01722466074914
8.43,887.0,78.01161901185435
8.44,886.0,77.99824567984766
8.45,886.0,77.97836552597751
8.46,883.0,77.91263858125048
8.47,879.0,77.79216017484104
8.48,877.0,77.67849481482986
8.49,879.0,77.62594696261395
8.5,882.0,77.61889637157284
8.51,883.0,77.63050282926989
8.52,886.0,77.66688961559962
8.53,891.0,77.71660890422741
8.540000000000001,895.0,77.73171950353428
8.55,898.0,77.69310486094835
8.56,900.0,77.64291017973709
8.57,903.0,77.62449127088095
8.58,902.0,77.62023876465712
8.59,897.0,77.57676655280089
8.6,888.0,77.46768575316726
8.61,880.0,77.2995436958886
8.620000000000001,871.0,77.0672163885612
8.63,862.0,76.74389628083175
8.64,852.0,76.32505181276862
8.65,843.0,75.85846742672568
8.66,830.0,75.43177448162561
8.67,819.0,75.1163048561094
8.68,812.0,74.88649120004973
8.69,802.0,74.63744459365279
8.700000000000001,796.0,74.3251526619325
8.71,789.0,74.05445342985008
8.72,781.0,73.97030948486484
8.73,772.0,74.04214707710346
8.74,762.0,74.09787963710261
8.75,752.0,74.04547651283775
8.76,748.0,73.89083902744194
8.77,743.0,73.6375325200049
8.78,736.0,73.29025804676225
8.790000000000001,731.0,72.9026518527312
8.8,726.0,72.56957085773318
8.81,725.0,72.36846745807306
8.82,721.0,72.2932468189365
8.83,719.0,72.2588317648537
8.84,717.0,72.18123097820505
8.85,712.0,72.05503045753765
8.86,708.0,71.9513968614259
8.870000000000001,700.0,71.9228797029497
8.88,695.0,71.92857906211954
8.89,688.0,71.88922917841474
8.9,680.0,71.78470838751673
8.91,669.0,71.65611919015218
8.92,662.0,71.53667013237427
8.93,651.0,71.4428358915873
8.94,643.0,71.43209958948614
8.950000000000001,634.0,71.54815567160786
8.96,621.0,71.67609053112082
8.97,607.0,71.62355219734471
8.98,596.0,71.37055538174802
8.99,583.0,71.10775223694334
9.0,569.0,70.96666844875807
9.01,555.0,70.81747804611426
9.02,540.0,70.47213726024631
9.03,528.0,69.93135355623218
9.040000000000001,516.0,69.39490114917626
9.05,509.0,69.08053674886244
9.06,506.0,68.98819070041417
9.07,505.0,68.90730653439269
9.08,504.0,68.6414268550193
9.09,500.0,68.14232651219336
9.1,496.0,67.4985194084675
9.11,494.0,66.83281299650018
9.120000000000001,490.0,66.19628031169621
9.13,483.0,65.58766933908417
9.14,482.0,65.03115713095708
9.15,485.0,64.54642154737076
9.16,486.0,64.0913654793181
9.17,486.0,63.61506476099143
9.18,488.0,63.119634073601006
9.19,490.0,62.63575308424452
9.200000000000001,490.0,62.18196387198029
9.21,488.0,61.75528346142037
9.22,488.0,61.33520506962237
9.23,486.0,60.90459822732913
9.24,486.0,60.469360812950825
9.25,488.0,60.0344915053846
9.26,489.0,59.56753287838762
9.27,493.0,59.01790906884318
9.28,494.0,58.37148049565958
9.290000000000001,494.0,57.67166985182769
9.3,-3000.0,56.99739491765065
9.31,-3000.0,56.421077369120496
9.32,-3000.0,55.97144739912013
9.33,-3000.0,55.63608137712891
9.34,-3000.0,55.40513563701428
9.35,-3000.0,55.310740166179485
9.36,-3000.0,55.416242537027
9.370000000000001,-3000.0,55.75631733604245
9.38,-3000.0,56.28237648756759
9.39,-3000.0,56.86189131376949
9.4,453.0,57.340535882631166
9.41,448.0,57.6238432523536
9.42,446.0,57.713254229157464
9.43,447.0,57.675205069193375
9.44,450.0,57.589200463125074
9.450000000000001,452.0,57.536681474245235
9.46,454.0,57.59380002231554
9.47,457.0,57.78356085959378
9.48,457.0,58.09262572234176
9.49,456.0,58.548703868269286
9.5,457.0,59.178235692379154
9.51,461.0,59.88357955629394
9.52,461.0,60.44688408460382
9.53,464.0,60.668362703210114
9.540000000000001,468.0,60.50706251089273
9.55,468.0,60.13261335304438
9.56,471.0,59.81599619502068
9.57,472.0,59.71794283853463
9.58,473.0,59.836695065391694
9.59,476.0,60.10496296206936
9.6,477.0,60.418730485404495
9.61,478.0,60.65276531277979
9.620000000000001,479.0,60.71603550441768
9.63,481.0,60.584232977075516
9.64,483.0,60.295475902536964
9.65,485.0,59.94232583391295
9.66,486.0,59.64220190721705
9.67,486.0,59.45039727605342
9.68,484.0,59.309251764130785
9.69,484.0,59.10831211120452
9.700000000000001,486.0,58.772773309076456
9.71,488.0,58.33730266366173
9.72,489.0,57.958624364774465
9.73,491.0,57.80510414904409
9.74,490.0,57.939677382524835
9.75,491.0,58.29427022494368
9.76,491.0,58.681056988492344
9.77,492.0,58.898426484773495
9.78,491.0,58.858168571260954
9.790000000000001,491.0,58.58229927688867
9.8,490.0,58.136646714525625
9.81,491.0,57.616386436244085
9.82,-3000.0,57.14798574041536
9.83,-3000.0,56.84261354550905
9.84,-3000.0,56.76766026423669
9.85,-3000.0,56.9218577250605
9.86,486.0,57.18094287478474
9.870000000000001,486.0,57.371197972651366
9.88,485.0,57.389918875195384
9.89,488.0,57.217468404430775
9.9,490.0,56.92636661928816
9.91,494.0,56.70942585378338
9.92,499.0,56.78279205386463
9.93,500.0,57.19807550096304
9.94,498.0,57.805888713165814
9.950000000000001,499.0,58.394472017733534
9.96,501.0,58.82495392798183
9.97,502.0,59.075806614717614
9.98,504.0,59.20191503199158
9.99,505.0,59.253379592989
10.0,508.0,59.23473025081573
10.01,508.0,59.147541978517474
10.02,508.0,59.04233347404564
10.03,503.0,59.0035442973189
10.040000000000001,496.0,59.09761021676174
10.05,490.0,59.32441478824882
10.06,485.0,59.59212160940609
10.07,484.0,59.78266490550965
10.08,485.0,59.8538952965165
10.09,490.0,59.84107925377427
10.1,495.0,59.79365422423334
10.11,501.0,59.75554300153339
10.120000000000001,505.0,59.769266417894535
10.13,510.0,59.84405780360828
10.14,515.0,59.930488166095806
10.15,515.0,59.954836411859446
10.16,512.0,59.87234691916942
10.17,507.0,59.69425332186113
10.18,500.0,59.499093888435546
10.19,491.0,59.401123154259075
10.200000000000001,486.0,59.43152479628782
10.21,483.0,59.4609154234508
10.22,480.0,59.30467975816991
10.23,477.0,58.85725430388816
10.24,475.0,58.09879195307919
10.25,478.0,57.023979202061284
10.26,480.0,55.62264337697443
10.27,-3000.0,54.00332693070436
10.28,-3000.0,52.529054701875
10.290000000000001,-3000.0,51.515901679850124
10.3,-3000.0,50.64738151210619
10.31,-3000.0,49.270428611963574
10.32,-3000.0,46.9827306375476
10.33,-3000.0,43.70871397706438
10.34,-3000.0,39.77861926348825
10.35,-3000.0,36.20760472666999
10.36,-3000.0,34.13452472217049
10.370000000000001,-3000.0,33.19061538438326
10.38,-3000.0,32.48807979123025
10.39,-3000.0,31.868106910100472
10.4,-3000.0,31.496256521111224
10.41,-3000.0,31.371427887375187
10.42,-3000.0,31.27804230194183
10.43,-3000.0,31.042836769266515
10.44,-3000.0,30.688267719842262
10.450000000000001,-3000.0,30.416634783286096
10.46,-3000.0,30.433697149036384
10.47,-3000.0,30.874422709788327
10.48,-3000.0,31.972003788183866
10.49,-3000.0,33.67693700653895
10.5,-3000.0,35.26759488355455
10.51,-3000.0,36.15204337526551
10.52,-3000.0,36.3804437958573
10.53,-3000.0,36.48293116831605
10.540000000000001,-3000.0,36.905132361499206
10.55,-3000.0,37.595265608464686
10.56,-3000.0,38.46402828297206
10.57,-3000.0,39.478711777524374
10.58,-3000.0,40.27394752342297
10.59,-3000.0,40.49605318931984
10.6,-3000.0,40.29660960294702
10.61,-3000.0,40.19051347247269
10.620000000000001,-3000.0,40.388957538296545
10.63,-3000.0,40.61771608707405
10.64,-3000.0,40.60667454413935
10.65,-3000.0,40.26163400118177
10.66,-3000.0,39.68467973801126
10.67,-3000.0,39.12782535924376
10.68,-3000.0,38.6493849850698
10.69,-3000.0,37.96428818111273
10.700000000000001,-3000.0,36.85770178922897
10.71,-3000.0,35.48843909448705
10.72,-3000.0,34.259938814752374
10.73,-3000.0,33.381025471168094
10.74,-3000.0,32.70045487162355
10.75,-3000.0,32.115518770406915
10.76,-3000.0,31.761096244025186
10.77,-3000.0,31.73006220818555
10.78,-3000.0,31.86161901379633
10.790000000000001,-3000.0,31.82318438283417
10.8,-3000.0,31.26363682114456
10.81,-3000.0,29.980529180721803
10.82,-3000.0,28.118556029411717
10.83,-3000.0,26.62352082761673
10.84,-3000.0,27.79959877788342
10.85,-3000.0,32.78926925194088
10.86,-3000.0,39.07612980141327
10.870000000000001,-3000.0,44.783335722391655
10.88,-3000.0,49.33982511416298
10.89,-3000.0,52.63929038281151
10.9,-3000.0,54.74135169524373
10.91,-3000.0,55.82490383537651
10.92,-3000.0,56.25085396297252
10.93,-3000.0,56.572486668282004
10.94,400.0,57.20959614818915
10.950000000000001,406.0,58.05820583227111
10.96,410.0,58.76907688451035
10.97,406.0,59.16840633440575
10.98,405.0,59.31743494046806
10.99,408.0,59.454053915768135
11.0,411.0,59.89473598608623
11.01,414.0,60.81687798715871
11.02,420.0,62.07505825883905
11.03,427.0,63.45364704578903
11.040000000000001,435.0,65.0016606448794
11.05,443.0,66.76159129277735
11.06,446.0,68.3838268064074
11.07,451.0,69.44706954902085
11.08,451.0,69.82699556766974
11.09,452.0,69.67188882494105
11.1,458.0,69.24151505928992
11.11,468.0,68.76519290486671
11.120000000000001,476.0,68.41830301738992
11.13,483.0,68.33253099409333
11.14,486.0,68.52864659653886
11.15,487.0,68.91662772617924
11.16,487.0,69.36662970223308
11.17,486.0,69.74051055569734
11.18,485.0,69.93548673591789
11.19,482.0,69.93097432555267
11.200000000000001,479.0,69.78204529843276
11.21,476.0,69.57607848783647
11.22,472.0,69.38151832901721
11.23,471.0,69.21677873580356
11.24,470.0,69.08055200919974
11.25,473.0,69.00297306078836
11.26,478.0,69.02959474832177
11.27,481.0,69.16567526914326
11.28,481.0,69.36853954064183
11.290000000000001,480.0,69.57894524365604
11.3,479.0,69.7408134005049
11.31,476.0,69.81110167805318
11.32,476.0,69.77163146207882
11.33,480.0,69.65247579999519
11.34,485.0,69.56832474419264
11.35,491.0,69.67814775670386
11.36,494.0,70.00093243990112
11.370000000000001,495.0,70.34733388867211
11.38,495.0,70.53711078902936
11.39,492.0,70.56112192116638
11.4,491.0,70.5042934352554
11.41,488.0,70.39807510583786
11.42,483.0,70.21638021099093
11.43,477.0,69.98197788974417
11.44,472.0,69.78232394217098
11.450000000000001,468.0,69.68691437106709
11.46,465.0,69.69435952619365
11.47,466.0,69.72791727258974
11.48,469.0,69.67986316480355
11.49,474.0,69.51842812000572
11.5,481.0,69.33834086213886
11.51,485.0,69.2656167585623
11.52,487.0,69.33356534960252
11.53,490.0,69.48943708953841
11.540000000000001,490.0,69.6655564865228
11.55,488.0,69.80769430602844
11.56,484.0,69.88829600135541
11.57,482.0,69.9145116344113
11.58,483.0,69.91463351886271
11.59,484.0,69.92165383847166
11.6,487.0,69.9535107392621
11.61,490.0,69.99211460975712
11.620000000000001,496.0,70.00765954753402
11.63,499.0,69.98647078183032
11.64,501.0,69.86968861689357
11.65,499.0,69.49403412957145
11.66,496.0,68.67446603486992
11.67,491.0,67.34599280136501
11.68,482.0,65.62556502028265
11.69,476.0,63.73284677996369
11.700000000000001,474.0,61.802600789323336
11.71,474.0,59.83357404252454
11.72,-3000.0,57.83628904943969
11.73,-3000.0,55.83771570652721
11.74,-3000.0,53.740621953673966
11.75,-3000.0,51.386264244617465
11.76,-3000.0,48.776114715494145
11.77,-3000.0,46.21981736282204
11.78,-3000.0,44.332639115495994
11.790000000000001,-3000.0,43.63087063008415
11.8,-3000.0,44.125694215326746
11.81,-3000.0,45.682227790150456
11.82,-3000.0,47.78262389085599
11.83,-3000.0,49.665051407686974
11.84,-3000.0,51.42620756177094
11.85,-3000.0,53.998926028785796
11.86,-3000.0,57.374595261157125
11.870000000000001,555.0,60.51868499856806
11.88,518.0,63.01147361668094
11.89,464.0,64.94900047687511
11.9,452.0,66.53388994328948
11.91,453.0,67.95183074724719
11.92,456.0,69.33227705889661
11.93,455.0,70.66673542900114
11.94,452.0,71.82404292850008
11.950000000000001,450.0,72.6902000755836
11.96,452.0,73.23685084116978
11.97,454.0,73.50287724102476
11.98,454.0,73.57429616701921
11.99,454.0,73.5700884709821
12.0,451.0,73.60750733834638
12.01,450.0,73.75292210438836
12.02,448.0,74.0031492175433
12.030000000000001,445.0,74.30236265805028
12.040000000000001,445.0,74.55326751783424
12.05,446.0,74.62350914758143
12.06,450.0,74.36794238170744
12.07,455.0,73.7213230814442
12.08,470.0,72.94395276639214
12.09,498.0,72.73550348268506
12.1,532.0,73.34277760157272
12.11,562.0,73.97727816836598
12.120000000000001,602.0,74.0665561616846
12.13,658.0,73.73415565578925
12.14,709.0,73.49069047814335
12.15,768.0,73.73077164713345
12.16,788.0,74.34508484671328
12.17,818.0,75.04331294382177
12.18,846.0,75.74616077209728
12.19,870.0,76.46014067002227
12.200000000000001,887.0,77.07187053110547
12.21,905.0,77.44565000400337
12.22,916.0,77.58700632905166
12.23,922.0,77.61751237950328
12.24,917.0,77.63473981300234
12.25,904.0,77.61659612049374
12.26,890.0,77.43614763422936
12.27,866.0,76.93865086475589
12.280000000000001,843.0,76.04829317728013
12.290000000000001,802.0,74.88565779990246
12.3,759.0,73.79597799431764
12.31,735.0,73.12536055589882
12.32,714.0,72.90905389927792
12.33,698.0,72.95582606246053
12.34,683.0,73.11501745928669
12.35,676.0,73.31770256880274
12.36,672.0,73.50371937648336
12.370000000000001,672.0,73.60152373207444
12.38,671.0,73.55678067780038
12.39,675.0,73.35298497758879
12.4,678.0,73.02137196870562
12.41,683.0,72.62413456721073
12.42,681.0,72.19935846510612
12.43,680.0,71.7381175511546
12.44,679.0,71.24351832307347
12.450000000000001,679.0,70.79331400266828
12.46,682.0,70.50424459853612
12.47,686.0,70.42417373564221
12.48,689.0,70.4983022674229
12.49,692.0,70.63988246406238
12.5,694.0,70.78557884423336
12.51,695.0,70.89607680024642
12.52,696.0,70.94330206301571
12.530000000000001,697.0,70.90646826854612
12.540000000000001,700.0,70.78110236340908
12.55,703.0,70.59629994212048
12.56,705.0,70.4122310235093
12.57,706.0,70.28507027132643
12.58,702.0,70.24646189620796
12.59,700.0,70.31625461889784
12.6,694.0,70.49220647848799
12.61,693.0,70.7223425374628
12.620000000000001,693.0,70.9299377194733
12.63,694.0,71.07430753859128
12.64,692.0,71.16855753542761
12.65,693.0,71.24278743028074
12.66,692.0,71.31249978824033
12.67,692.0,71.38511014670605
12.68,692.0,71.4656067643777
12.69,696.0,71.54287290261254
12.700000000000001,701.0,71.58857315976311
12.71,710.0,71.57054554323868
12.72,716.0,71.46154867100141
12.73,723.0,71.24979067985798
12.74,724.0,70.9617117779272
12.75,723.0,70.67503670350276
12.76,720.0,70.48579707274348
12.77,715.0,70.44888143269206
12.780000000000001,712.0,70.54619663862066
12.790000000000001,705.0,70.70483888684208
12.8,699.0,70.85526500107011
12.81,694.0,70.96931166556922
12.82,689.0,71.04563280381225
12.83,683.0,71.09083839553603
12.84,683.0,71.11626977895047
12.85,689.0,71.13031430612216
12.86,699.0,71.16690819337197
12.870000000000001,712.0,71.35013968186398
12.88,732.0,71.82560576668574
12.89,755.0,72.48963240968638
12.9,770.0,72.8911850065505
12.91,776.0,72.51381663109636
12.92,779.0,71.01884994012711
12.93,789.0,68.32922248041483
12.94,767.0,64.80956117416584
12.950000000000001,759.0,61.412272784217016
12.96,-3000.0,58.957399477911956
12.97,-3000.0,58.51210574350162
12.98,-3000.0,62.49671694700853
12.99,-3000.0,67.73324707669785
13.0,920.0,71.60651720496722
13.01,927.0,74.00533912096073
13.02,914.0,75.1695674535079
13.030000000000001,900.0,75.46158108783504
13.040000000000001,900.0,75.30710593233711
13.05,899.0,75.00783032046833
13.06,889.0,74.63895902379087
13.07,877.0,74.21646370816349
13.08,862.0,73.79253457863516
13.09,853.0,73.36101458707809
13.1,828.0,72.85175086661192
13.11,806.0,72.246179333922
13.120000000000001,789.0,71.66985330425605
13.13,773.0,71.35726449355195
13.14,760.0,71.41070075505655
13.15,744.0,71.6596182568701
13.16,737.0,71.8484681617832
13.17,732.0,71.81700994111705
13.18,724.0,71.56302421757553
13.19,719.0,71.22171895488937
13.200000000000001,713.0,70.93778822795524
13.21,716.0,70.74551117094808
13.22,716.0,70.59901903212818
13.23,715.0,70.46740586150752
13.24,719.0,70.35454336015287
13.25,720.0,70.26304933725095
13.26,721.0,70.17416169941696
13.27,718.0,70.07530369622552
13.280000000000001,716.0,69.99451398357115
13.290000000000001,706.0,69.97443816739991
13.3,701.0,70.02314684839305
13.31,697.0,70.11899269118803
13.32,696.0,70.24902792974557
13.33,699.0,70.43042094826917
13.34,708.0,70.74753929627886
13.35,726.0,71.38209479778278
13.36,753.0,72.4494740467759
13.370000000000001,790.0,73.78212150196919
13.38,839.0,75.05749609154172
13.39,877.0,75.97772720849018
13.4,889.0,76.25736987746784
13.41,904.0,75.62156036253933
13.42,904.0,73.85348843807594
13.43,889.0,70.86026663204451
13.44,849.0,67.110729761468
13.450000000000001,716.0,65.11234525830307
13.46,763.0,67.26041943776985
13.47,784.0,70.10734521976299
13.48,816.0,71.96825416504338
13.49,796.0,72.78499990621287
13.5,742.0,72.79697714155584
13.51,712.0,72.38479855314924
13.52,701.0,71.87446093116843
13.530000000000001,686.0,71.38659877531522
13.540000000000001,679.0,70.96284952417788
13.55,671.0,70.66723961431714
13.56,667.0,70.53745152013059
13.57,662.0,70.61101097838255
13.58,663.0,70.9248603706115
13.59,668.0,71.42072375303877
13.6,671.0,71.95706564206125
13.61,681.0,72.41365514135998
13.620000000000001,690.0,72.73285223231099
13.63,702.0,72.89734813668787
13.64,710.0,72.89749242842903
13.65,718.0,72.71177747929025
13.66,721.0,72.31699248847892
13.67,721.0,71.72802171700822
13.68,715.0,71.03493769968188
13.69,709.0,70.39338806679305
13.700000000000001,708.0,69.94602453728042
13.71,703.0,69.73465580331599
13.72,698.0,69.70070470558849
13.73,694.0,69.75232086634468
13.74,693.0,69.80443298098308
13.75,694.0,69.76008462847162
13.76,699.0,69.51470421647068
13.77,710.0,69.101996863933
13.780000000000001,729.0,68.91762578333206
13.790000000000001,755.0,69.491868997858
13.8,784.0,70.6373944874105
13.81,813.0,71.71734921029413
13.82,846.0,72.52413508021287
13.83,884.0,73.14280323014405
13.84,907.0,73.55587996433928
13.85,931.0,73.654744584106
13.86,949.0,73.45473931750522
13.870000000000001,958.0,73.12699186102896
13.88,955.0,72.8680914355323
13.89,944.0,72.78331151946574
13.9,930.0,72.8785911332363
13.91,919.0,73.10469503137293
13.92,912.0,73.38277854378349
13.93,905.0,73.62887385659393
13.94,896.0,73.78732694340695
13.950000000000001,888.0,73.84652129116316
13.96,880.0,73.82405539766809
13.97,873.0,73.7370886866352
13.98,868.0,73.60264164953553
13.99,864.0,73.4777806900853
14.0,865.0,73.45298755450324
14.01,873.0,73.5597845736833
14.02,882.0,73.73527388477436
14.030000000000001,895.0,73.90012584964366
14.040000000000001,912.0,73.99675721917644
14.05,928.0,73.9684585323763
14.06,943.0,73.78090873040411
14.07,956.0,73.47067000852444
14.08,960.0,73.14052971621254
14.09,956.0,72.88583594095299
14.1,947.0,72.73220521041566
14.11,936.0,72.66177027202151
14.120000000000001,924.0,72.6651742720827
14.13,911.0,72.74930581481064
14.14,897.0,72.91200666004723
14.15,884.0,73.08771609909604
14.16,871.0,73.14791194216306
14.17,855.0,73.02112990418946
14.18,839.0,72.75605117764063
14.19,822.0,72.40227653774143
14.200000000000001,800.0,71.93360437452712
14.21,785.0,71.40562262092898
14.22,760.0,71.05070053159596
14.23,742.0,71.01383640766875
14.24,728.0,71.11264600382938
14.25,714.0,71.07871915010954
14.26,696.0,70.81756627249176
14.27,674.0,70.39842737467336
14.280000000000001,651.0,69.9666892922893
14.290000000000001,626.0,69.66478989969211
14.3,606.0,69.56909343329701
14.31,592.0,69.63752415291178
14.32,572.0,69.69973986565876
14.33,555.0,69.57334552794802
14.34,547.0,69.18527512068114
14.35,543.0,68.5670664799158
14.36,539.0,67.79462134395112
14.370000000000001,532.0,66.93642584180651
14.38,523.0,65.9941860123841
14.39,507.0,64.86398302784083
14.4,482.0,63.39322735440432
14.41,470.0,61.57539124891
14.42,465.0,59.875765272114805
14.43,473.0,59.22232458415817
14.44,482.0,59.83306531348188
14.450000000000001,485.0,60.90102038241712
14.46,480.0,61.86889700353632
14.47,474.0,62.65849460819646
14.48,471.0,63.45680351039631
14.49,476.0,64.45856033061695
14.5,496.0,65.56671934752043
14.51,485.0,66.48912966313759
14.52,481.0,67.06225443353463
14.530000000000001,482.0,67.33200361601452
14.540000000000001,488.0,67.4517828613557
14.55,493.0,67.55651359471909
14.56,494.0,67.67864553193985
14.57,492.0,67.74031076129378
14.58,488.0,67.63890257318421
14.59,480.0,67.35276310622835
14.6,474.0,66.9564947992481
14.61,473.0,66.56356845619209
14.620000000000001,471.0,66.28303454168488
14.63,472.0,66.17401998028465
14.64,478.0,66.200919157888
14.65,482.0,66.30169727538394
14.66,483.0,66.46931568692965
14.67,484.0,66.71533949112882
14.68,484.0,67.04634746013261
14.69,481.0,67.47431745774243
14.700000000000001,477.0,67.9437664697909
14.71,472.0,68.30317365728041
14.72,467.0,68.43194024934796
14.73,464.0,68.36925156004408
14.74,461.0,68.34943793585896
14.75,454.0,68.6990837652855
14.76,446.0,69.52373632950152
14.77,439.0,70.51785179503916
14.780000000000001,435.0,71.24928237701894
14.790000000000001,432.0,71.44889214800763
14.8,432.0,71.02993893098208
14.81,438.0,70.01962569990272
14.82,453.0,68.51203222699769
14.83,472.0,66.65846336064118
14.84,493.0,64.66103422187503
14.85,496.0,62.70517206584276
14.86,482.0,60.906912361832056
14.870000000000001,-3000.0,59.43927532040011
14.88,-3000.0,58.71025340938514
14.89,474.0,59.44340482568566
14.9,474.0,61.978713070665435
14.91,496.0,65.05924237650662
14.92,515.0,67.40874169487682
14.93,514.0,68.67160311121701
14.94,491.0,68.97619440917363
14.950000000000001,479.0,68.72683127695724
14.96,478.0,68.43109607397028
14.97,478.0,68.35557900941065
14.98,481.0,68.44690941050746
14.99,484.0,68.62274432761714
15.0,486.0,68.86411086616089
15.01,487.0,69.12792626954614
15.02,488.0,69.3470686899263
15.030000000000001,487.0,69.49570656581899
15.040000000000001,482.0,69.59779707633133
15.05,478.0,69.66899703559731
15.06,474.0,69.68182337400916
15.07,471.0,69.60650869556649
15.08,468.0,69.46901276451027
15.09,464.0,69.34808611565786
15.1,459.0,69.29897796212583
15.11,456.0,69.28859422769594
15.120000000000001,456.0,69.24942430786284
15.13,456.0,69.19711666865933
15.14,456.0,69.25720680800548
15.15,455.0,69.54573824668655
15.16,454.0,70.0254407973
15.17,452.0,70.53090820725471
15.18,448.0,70.91726207679339
15.19,442.0,71.15850456009814
15.200000000000001,436.0,71.35431813597788
15.21,431.0,71.62788209286829
15.22,431.0,71.96602903084994
15.23,432.0,72.22481745900329
15.24,432.0,72.32088666612255
15.25,429.0,72.34518283171036
15.26,429.0,72.46427660526138
15.27,428.0,72.71834140474664
15.280000000000001,425.0,73.0042401976283
15.290000000000001,417.0,73.24998718472185
15.3,413.0,73.46134425648773
15.31,411.0,73.62035611009688
15.32,410.0,73.67892271267091
15.33,407.0,73.66020594103583
15.34,407.0,73.65540989617148
15.35,406.0,73.70945912131087
15.36,404.0,73.79329030077757
15.370000000000001,401.0,73.87061548650289
15.38,400.0,73.9157092821839
15.39,397.0,73.90605822018735
15.4,395.0,73.8413440083132
15.41,394.0,73.73969466700426
15.42,393.0,73.61718933619922
15.43,391.0,73.49225973172409
15.44,389.0,73.38424761672069
15.450000000000001,387.0,73.29762919224514
15.46,382.0,73.22483453718468
15.47,380.0,73.15898312636932
15.48,380.0,73.10090247338205
15.49,380.0,73.05543503757322
15.5,380.0,73.02008965848754
15.51,378.0,72.98167770241857
15.52,374.0,72.92111225075527
15.530000000000001,371.0,72.83322432959388
15.540000000000001,368.0,72.7475956996936
15.55,367.0,72.69943197069311
15.56,367.0,72.68472662852885
15.57,368.0,72.67874679323461
15.58,367.0,72.67229817813201
15.59,368.0,72.66136313427155
15.6,369.0,72.62322809848004
15.610000000000001,365.0,72.50443358984823
15.620000000000001,357.0,72.23430976676289
15.63,347.0,71.8091573414661
15.64,342.0,71.38694202760946
15.65,335.0,71.19413837296462
15.66,333.0,71.25796044708831
15.67,335.0,71.41446394477083
15.68,341.0,71.58695933881248
15.69,345.0,71.80558752384421
15.700000000000001,345.0,72.00806053414769
15.71,344.0,72.041420196823
15.72,346.0,71.8702016848822
15.73,344.0,71.6369473733024
15.74,335.0,71.45890929790883
15.75,325.0,71.24417412531243
15.76,318.0,70.83149445710399
15.77,315.0,70.21536573356698
15.780000000000001,316.0,69.58386601466687
15.790000000000001,315.0,69.18787916610947
15.8,308.0,69.1236347058939
15.81,305.0,69.24389046346845
15.82,303.0,69.31663579330385
15.83,301.0,69.19036552156564
15.84,302.0,68.82409152466312
15.85,302.0,68.26805743470929
15.860000000000001,300.0,67.65445210665047
15.870000000000001,299.0,67.17844903383599
15.88,296.0,67.03322973322537
15.89,295.0,67.29635822393753
15.9,297.0,67.84122186864836
15.91,299.0,68.40825200966175
15.92,303.0,68.77495381229818
15.93,308.0,68.85053747794286
15.94,316.0,68.73098038829512
15.950000000000001,329.0,68.72658657297599
15.96,341.0,69.10575513539717
15.97,349.0,69.68873902951961
15.98,362.0,70.08459584397436
15.99,386.0,70.16678312012418
16.0,397.0,70.0910635845983
16.01,406.0,70.0775763020152
16.02,410.0,70.22343257613474
16.03,402.0,70.46022168736509
16.04,397.0,70.61462147398008
16.05,381.0,70.50098540196191
16.06,368.0,70.09375210360308
16.07,361.0,69.68382639177254
16.080000000000002,341.0,69.58871809091762
16.09,331.0,69.61065708350152
16.1,335.0,69.41710392860148
16.11,344.0,69.19607227691907
16.12,340.0,69.37044256071681
16.13,329.0,69.76116106043649
16.14,324.0,69.7849095713451
16.15,326.0,69.23551286406645
16.16,331.0,68.49962057368502
16.17,328.0,68.31072819092351
16.18,317.0,68.80337088197633
16.19,309.0,69.30023167274942
16.2,304.0,69.27734837931925
16.21,303.0,68.58503342646183
16.22,305.0,67.29362489360712
16.23,305.0,65.76007272393785
16.240000000000002,310.0,64.78328406932197
16.25,309.0,65.0045490118153
16.26,299.0,65.92096954121399
16.27,291.0,66.76153124715573
16.28,286.0,67.25967057201981
16.29,282.0,67.44612464658391
16.3,284.0,67.42307821713145
16.31,291.0,67.19262474361581
16.32,298.0,66.62219408358285
16.330000000000002,309.0,65.6705925510899
16.34,319.0,64.74257729288375
16.35,323.0,64.67804858720334
16.36,317.0,65.61572587556715
16.37,311.0,66.64157316456725
16.38,313.0,67.09439878416798
16.39,320.0,66.86511633716297
16.4,339.0,66.28099558693731
16.41,351.0,65.96992075247339
16.42,342.0,66.12140834854405
16.43,337.0,66.16688774632581
16.44,344.0,65.7211805335725
16.45,352.0,65.03055107209086
16.46,343.0,64.58918829171087
16.47,335.0,64.37362318740723
16.48,342.0,63.927410110853
16.490000000000002,357.0,63.109159512853516
16.5,360.0,62.142163799952215
16.51,347.0,61.09398778078249
16.52,341.0,59.58936252558149
16.53,-3000.0,57.157954944676135
16.54,-3000.0,53.50753400164454
16.55,-3000.0,48.53617463351887
16.56,-3000.0,42.52312468939446
16.57,-3000.0,36.80362493321091
16.580000000000002,-3000.0,33.27947156973667
16.59,-3000.0,31.520137447885315
16.6,-3000.0,30.53142295027978
16.61,-3000.0,29.91895320462436
16.62,-3000.0,29.455341443107695
16.63,-3000.0,29.274413745393122
16.64,-3000.0,29.901117940798628
16.65,-3000.0,31.650805592443607
16.66,-3000.0,33.7847172075878
16.67,-3000.0,35.481895553756175
16.68,-3000.0,36.703824323386165
16.69,-3000.0,37.86791670833747
16.7,-3000.0,39.224823823871965
16.71,-3000.0,40.637302296134635
16.72,-3000.0,41.91906742781178
16.73,-3000.0,42.97950410997608
16.740000000000002,-3000.0,43.81062545293532
16.75,-3000.0,44.54754871413936
16.76,-3000.0,45.35609234463018
16.77,-3000.0,46.17608714532967
16.78,-3000.0,46.79759249976993
16.79,-3000.0,47.13243591922084
16.8,-3000.0,47.282761042283234
16.81,-3000.0,47.430424420266036
16.82,-3000.0,47.59342765057687
16.830000000000002,-3000.0,47.56104814502772
16.84,-3000.0,47.22031528104869
16.85,-3000.0,46.724429815423925
16.86,-3000.0,46.203467517102325
16.87,-3000.0,45.51987223334359
16.88,-3000.0,44.49461404080233
16.89,-3000.0,43.13590000574156
16.9,-3000.0,41.57733936391766
16.91,-3000.0,39.89561568080585
16.92,-3000.0,38.050368934264064
16.93,-3000.0,36.05249472226898
16.94,-3000.0,34.09378599847519
16.95,-3000.0,32.491641025822474
16.96,-3000.0,31.755867508148704
16.97,-3000.0,32.77250135511867
16.98,-3000.0,36.51416583140438
16.990000000000002,-3000.0,41.94650277112622
17.0,-3000.0,46.99746825684758
17.01,-3000.0,51.07283373240504
17.02,-3000.0,54.291898143634164
17.03,-3000.0,56.889753773190755
17.04,-3000.0,58.93065105431264
17.05,-3000.0,60.24172850770289
17.06,-3000.0,60.64032723100641
17.07,-3000.0,60.37272404369398
17.080000000000002,-3000.0,60.91206410984627
17.09,-3000.0,63.774209219226194
17.1,303.0,67.09132633924622
17.11,310.0,69.31972891675798
17.12,285.0,70.29881998798308
17.13,180.0,70.22797176601517
17.14,132.0,69.43907947658018
17.150000000000002,83.0,68.32403126778784
17.16,46.0,67.23228953053763
17.17,23.0,66.3369323810916
17.18,-7.0,65.64825904347953
17.19,-26.0,65.27699643985385
17.2,-43.0,65.33886326365023
17.21,-61.0,65.53832530846138
17.22,-82.0,65.42918093033624
17.23,-101.0,64.89400815866568
17.240000000000002,-106.0,64.22217066560559
17.25,-99.0,63.861840118479556
17.26,-71.0,64.02343018231636
17.27,-34.0,64.7755541512411
17.28,49.0,66.17391948950568
17.29,97.0,67.93917432395698
17.3,134.0,69.65597128084329
17.31,196.0,71.02379007182907
17.32,241.0,71.7552767006588
17.330000000000002,252.0,71.57568006871033
17.34,244.0,70.31096898186335
17.35,237.0,67.96169594845608
17.36,241.0,64.83712316924877
17.37,264.0,61.71722659559959
17.38,-3000.0,59.95927996366947
17.39,-3000.0,61.527376052348906
17.400000000000002,421.0,65.47561082908385
17.41,524.0,68.93765372715704
17.42,517.0,71.22935617807528
17.43,526.0,72.44795027269059
17.44,519.0,72.89079935246586
17.45,513.0,72.95039057285713
17.46,505.0,72.95888234858388
17.47,494.0,73.08533385914231
17.48,490.0,73.39643372882846
17.490000000000002,477.0,73.85182757598673
17.5,464.0,74.31729895921642
17.51,452.0,74.76200542694002
17.52,444.0,75.31032129762487
17.53,439.0,76.00629033282516
17.54,431.0,76.67711334454606
17.55,420.0,77.11912156731206
17.56,411.0,77.26569066156469
17.57,401.0,77.17151013757257
17.580000000000002,398.0,76.93317758145926
17.59,395.0,76.6290407420274
17.6,388.0,76.29554969440271
17.61,381.0,75.93631595430307
17.62,374.0,75.55482528110551
17.63,373.0,75.18839266085467
17.64,371.0,74.89645097051037
17.650000000000002,367.0,74.69771147616179
17.66,363.0,74.54723935774427
17.67,356.0,74.40379526367474
17.68,345.0,74.29641664392125
17.69,335.0,74.28254283334304
17.7,333.0,74.3272253269578
17.71,330.0,74.29831499791635
17.72,326.0,74.1168105720362
17.73,322.0,73.84279020069972
17.740000000000002,321.0,73.60257962420107
17.75,320.0,73.46359156259585
17.76,322.0,73.40327494465639
17.77,324.0,73.41114900904263
17.78,329.0,73.57509672492938
17.79,339.0,73.92413273461129
17.8,354.0,74.17653935207136
17.81,368.0,73.86941066858986
17.82,382.0,72.66705502108391
17.830000000000002,406.0,70.50605250521457
17.84,424.0,67.79901593066711
17.85,436.0,65.74538618264658
17.86,474.0,65.53920115479693
17.87,527.0,66.64224109902526
17.88,516.0,67.87358562995006
17.89,512.0,68.69476164279266
17.900000000000002,516.0,69.137636274468
17.91,501.0,69.49109290844505
17.92,485.0,69.91535883987669
17.93,486.0,70.29692751837958
17.94,472.0,70.53229990994654
17.95,452.0,70.7672207680037
17.96,442.0,71.28791483500754
17.97,435.0,72.19545225764995
17.98,426.0,73.28335490753867
17.990000000000002,414.0,74.23757213229514
18.0,402.0,74.82696315479652
18.01,391.0,74.97071418694411
18.02,381.0,74.73237442007017
18.03,373.0,74.25932325615844
18.04,364.0,73.69381265556214
18.05,357.0,73.12136213740384
18.06,347.0,72.58886076697435
18.07,334.0,72.12674258560746
18.080000000000002,330.0,71.7194519154455
18.09,326.0,71.31958475214765
18.1,319.0,70.94681124663752
18.11,316.0,70.67439264195978
18.12,313.0,70.48751800333683
18.13,310.0,70.2909988737285
18.14,308.0,70.03810678201214
18.150000000000002,307.0,69.73261901369035
18.16,306.0,69.3814838729897
18.17,303.0,69.05905453189942
18.18,304.0,68.94642254876597
18.19,309.0,69.15790410809947
18.2,313.0,69.58248004298909
18.21,318.0,70.04303867549505
18.22,320.0,70.47440430078024
18.23,331.0,70.85680178406288
18.240000000000002,339.0,71.1230850735548
18.25,345.0,71.22520389585813
18.26,351.0,71.2198643042252
18.27,361.0,71.2302182451107
18.28,374.0,71.34079608342765
18.29,384.0,71.56115167533642
18.3,394.0,71.86847126944986
18.31,404.0,72.21923240520132
18.32,414.0,72.55023035097149
18.330000000000002,419.0,72.81825707318954
18.34,427.0,72.98754542707286
18.35,435.0,72.9659985640112
18.36,444.0,72.62701267575648
18.37,452.0,71.92342554344133
18.38,458.0,70.98398589564154
18.39,460.0,70.12452902890867
18.400000000000002,460.0,69.69336363560927
18.41,459.0,69.76452477868325
18.42,456.0,70.05524627304122
18.43,456.0,70.19699368286254
18.44,460.0,69.93745671948219
18.45,469.0,69.18787809544322
18.46,481.0,68.07384056139105
18.47,489.0,66.96789450582911
18.48,495.0,66.29369037501296
18.490000000000002,494.0,66.14894358478695
18.5,486.0,66.35552431227583
18.51,477.0,66.83347183877335
18.52,466.0,67.67087404318306
18.53,454.0,68.89421646352616
18.54,440.0,70.28743943657791
18.55,431.0,71.55360821682741
18.56,421.0,72.54182906525715
18.57,409.0,73.23291795442239
18.580000000000002,397.0,73.59881338473674
18.59,379.0,73.58694958549974
18.6,363.0,73.29431621204967
18.61,341.0,73.04241657202608
18.62,324.0,73.00703039499446
18.63,312.0,72.85065747423045
18.64,302.0,72.08715775651778
18.650000000000002,284.0,70.50521433404042
18.66,230.0,68.267586183071
18.67,207.0,65.8571443921366
18.68,192.0,63.61141305613891
18.69,153.0,61.37488660365958
18.7,-3000.0,59.36865086940204
18.71,218.0,58.89037268957515
18.72,240.0,60.997265867285414
18.73,251.0,64.7452779309725
18.740000000000002,275.0,68.46673389672091
18.75,306.0,71.41573374945077
18.76,324.0,73.41300139169718
18.77,321.0,74.42832307656553
18.78,311.0,74.5149371056127
18.79,295.0,73.86510130982687
18.8,287.0,72.8755899477027
18.81,289.0,72.06095855319424
18.82,290.0,71.69676657921049
18.830000000000002,293.0,71.64245896234883
18.84,294.0,71.64448814163579
18.85,291.0,71.55166940548406
18.86,290.0,71.2996586211636
18.87,289.0,70.89263835879409
18.88,287.0,70.4070052177622
18.89,286.0,69.96021377365784
18.900000000000002,287.0,69.65654091517956
18.91,291.0,69.55179899918433
18.92,295.0,69.6447390507066
18.93,296.0,69.89000628946738
18.94,296.0,70.2142029737579
18.95,295.0,70.52672531003036
18.96,294.0,70.74425157520265
18.97,292.0,70.8110770449001
18.98,291.0,70.70219359895
18.990000000000002,291.0,70.4287803652143
19.0,291.0,70.0412618664162
19.01,293.0,69.62752773056283
19.02,296.0,69.31610940150948
19.03,295.0,69.23586881856903
19.04,293.0,69.42501777744998
19.05,287.0,69.81428301563714
19.06,281.0,70.30360120244391
19.07,279.0,70.82525496761068
19.080000000000002,280.0,71.34462141138656
19.09,280.0,71.81856763052609
19.1,281.0,72.19342692061912
19.11,282.0,72.4499018129572
19.12,281.0,72.60078345114023
19.13,280.0,72.65503236663108
19.14,278.0,72.63410167725296
19.150000000000002,279.0,72.58238132326828
19.16,282.0,72.50221648863075
19.17,287.0,72.3343902512223
19.18,288.0,72.03964575509363
19.19,283.0,71.6484017063252
19.2,279.0,71.24944286471363
19.21,275.0,70.97042320230591
19.22,268.0,70.90238137800534
19.23,263.0,71.00850929635214
19.240000000000002,264.0,71.18732784408039
19.25,266.0,71.3865836809555
19.26,266.0,71.58447864426262
19.27,268.0,71.73841621591441
19.28,275.0,71.81363054157707
19.29,282.0,71.81452389572964
19.3,288.0,71.7636316116883
19.31,293.0,71.69351000482725
19.32,295.0,71.66048016442095
19.330000000000002,291.0,71.7144833775236
19.34,288.0,71.85787527260894
19.35,284.0,72.04941751764296
19.36,278.0,72.21701626243492
19.37,273.0,72.2892815563961
19.38,267.0,72.24856138662106
19.39,256.0,72.12448461167884
19.400000000000002,242.0,71.95176342480578
19.41,230.0,71.80336836678653
19.42,215.0,71.8111055141854
19.43,204.0,71.98932851769268
19.44,199.0,72.1194925267406
19.45,190.0,72.02090954891136
19.46,178.0,71.82844634659617
19.47,178.0,71.85179732960334
19.48,189.0,72.13939144648839
19.490000000000002,192.0,72.49939063128066
19.5,188.0,72.91166208728059
19.51,188.0,73.4708675593292
19.52,190.0,74.0360138157579
19.53,183.0,74.24185818152901
19.54,171.0,73.74014257783648
19.55,167.0,72.26977514914773
19.56,171.0,69.64080555655543
19.57,-3000.0,66.06771531038925
19.580000000000002,-3000.0,63.76823774518931
19.59,879.0,65.71580174667946
19.6,912.0,68.49323938568263
19.61,914.0,70.37664479159577
19.62,909.0,71.50959971999903
19.63,908.0,72.19200203668795
19.64,911.0,72.67665163288315
19.650000000000002,917.0,73.0741910457067
19.66,922.0,73.37589191051755
19.67,922.0,73.57259151310248
19.68,919.0,73.72757399675056
19.69,916.0,73.93708023854019
19.7,915.0,74.22361412333201
19.71,916.0,74.49104643975228
19.72,918.0,74.6083710570011
19.73,917.0,74.52203794369507
19.740000000000002,913.0,74.30303265983352
19.75,911.0,74.10939745334517
19.76,910.0,74.05355123033326
19.77,908.0,74.07037626631687
19.78,904.0,73.98436152819082
19.79,892.0,73.72596425819346
19.8,881.0,73.4365758057685
19.81,882.0,73.31783613870168
19.82,890.0,73.38146306312602
19.830000000000002,895.0,73.50112262524291
19.84,899.0,73.63882797412131
19.85,907.0,73.833479894103
19.86,913.0,74.05706336780436
19.87,915.0,74.20637362075713
19.88,913.0,74.20658661151191
19.89,909.0,74.07580423206988
19.900000000000002,905.0,73.91063241039083
19.91,904.0,73.8055936603973
19.92,904.0,73.76935644889329
19.93,903.0,73.7382441892493
19.94,901.0,73.66609327012655
19.95,898.0,73.5771454020431
19.96,897.0,73.53809671219372
19.97,899.0,73.58380412890791
19.98,902.0,73.67644378930522
19.990000000000002,904.0,73.74644872022512
20.0,905.0,73.75798781780537
20.01,904.0,73.72846398104117
20.02,902.0,73.69682562684388
20.03,899.0,73.67043605258992
20.04,899.0,73.60595346672454
20.05,899.0,73.46761762553363
20.06,900.0,73.30428767467653
20.07,903.0,73.2281474380347
20.080000000000002,911.0,73.28678796224976
20.09,918.0,73.39680454066796
20.1,922.0,73.43497705635434
20.11,921.0,73.34698908059254
20.12,917.0,73.17669294838858
20.13,911.0,73.03767152428163
20.14,907.0,73.02592793669564
20.150000000000002,905.0,73.1111477951982
20.16,904.0,73.15622871005199
20.17,901.0,73.07569698475653
20.18,898.0,72.9400559565098
20.19,898.0,72.90019241687783
20.2,904.0,72.98920960006683
20.21,911.0,73.0664698522923
20.22,915.0,72.99659124127179
20.23,914.0,72.79646221096765
20.240000000000002,911.0,72.6044165418202
20.25,908.0,72.52617462142086
20.26,907.0,72.51276170885218
20.27,907.0,72.42749519368228
20.28,905.0,72.21614035120328
20.29,902.0,71.98088375799615
20.3,904.0,71.87485382025226
20.31,908.0,71.90748456575812
20.32,910.0,71.92783634450973
20.330000000000002,909.0,71.8152494118955
20.34,907.0,71.61253046803202
20.35,906.0,71.48387401825252
20.36,909.0,71.52924184937014
20.37,912.0,71.65358705346317
20.38,911.0,71.69222081549718
20.39,907.0,71.60631772651634
20.400000000000002,902.0,71.50925990376146
20.41,899.0,71.51494965290199
20.42,900.0,71.57488358855353
20.43,899.0,71.53824518921364
20.44,893.0,71.34688497394106
20.45,886.0,71.08463401293345
20.46,885.0,70.84050706416691
20.47,885.0,70.61875428221033
20.48,882.0,70.45875640438905
20.490000000000002,889.0,70.48903798714511
20.5,904.0,70.72398479758611
20.51,914.0,70.98257442363875
20.52,921.0,71.10585776145764
20.53,926.0,71.09822620311955
20.54,926.0,71.0781877165034
20.55,923.0,71.15993085571856
20.56,919.0,71.34979901548995
20.57,915.0,71.53722018905975
20.580000000000002,912.0,71.59069417983956
20.59,908.0,71.46073297999193
20.6,902.0,71.213333066253
20.61,896.0,70.97281482270016
20.62,895.0,70.80050951087398
20.63,897.0,70.64927330296291
20.64,897.0,70.47679951112967
20.650000000000002,896.0,70.34466685639096
20.66,899.0,70.34083415718189
20.67,904.0,70.44063027326077
20.68,909.0,70.53636773322755
20.69,911.0,70.58049198155472
20.7,908.0,70.63401474418139
20.71,906.0,70.77833032246356
20.72,908.0,70.98645606465217
20.73,909.0,71.12140349336931
20.740000000000002,909.0,71.0753892659028
20.75,908.0,70.87276989024245
20.76,909.0,70.6429275295128
20.77,912.0,70.49134077910368
20.78,914.0,70.38970124373836
20.79,912.0,70.22329932352403
20.8,905.0,69.94919180177867
20.81,896.0,69.69275875373606
20.82,892.0,69.63620064068074
20.830000000000002,897.0,69.76120900508845
20.84,898.0,69.87038694211894
20.85,893.0,69.90256977157622
20.86,890.0,70.01903032214102
20.87,820.0,70.32181448916867
20.88,206.0,70.63558743250806
20.89,210.0,70.71850943030461
20.900000000000002,209.0,70.5189894770826
20.91,207.0,70.1958142500751
20.92,209.0,69.97526725376126
20.93,213.0,69.93615584270097
20.94,215.0,69.947437472722
20.95,212.0,69.85815739322463
20.96,204.0,69.68684475736707
20.97,196.0,69.60452667672486
20.98,193.0,69.69700823502428
20.990000000000002,193.0,69.79912120338423
21.0,186.0,69.69444780876938
21.01,171.0,69.35129194416902
21.02,161.0,68.88283291184065
21.03,156.0,68.36283274892098
21.04,142.0,67.78888559395672
21.05,132.0,67.20781058931254
21.06,127.0,66.72772272504291
21.07,117.0,66.39749890510816
21.080000000000002,116.0,66.14059422655444
21.09,111.0,65.79623205431838
21.1,101.0,65.2305522192832
21.11,85.0,64.45702710673375
21.12,79.0,63.64377225537578
21.13,83.0,62.91175103207182
21.14,67.0,62.17929001814688
21.150000000000002,38.0,61.323320794403074
21.16,44.0,60.27704447949016
21.17,-3000.0,58.95741181577632
21.18,-3000.0,57.33174485227648
21.19,-3000.0,55.48144468495023
21.2,-3000.0,53.49800806960993
21.21,-3000.0,51.422177393486
21.22,-3000.0,49.21153539152841
21.23,-3000.0,46.76451149200562
21.240000000000002,-3000.0,44.157900779573964
21.25,-3000.0,41.59121047476801
21.26,-3000.0,39.151857342285766
21.27,-3000.0,37.04518311115068
21.28,-3000.0,35.39642439073538
21.29,-3000.0,33.90464566332794
21.3,-3000.0,32.45526077941997
21.31,-3000.0,31.4476047863573
21.32,-3000.0,31.236787726147416
21.330000000000002,-3000.0,31.43652423079218
21.34,-3000.0,31.288552580265097
21.35,-3000.0,30.43533091676107
21.36,-3000.0,29.175166059700953
21.37,-3000.0,28.40077150532658
21.38,-3000.0,28.880113752567734
21.39,-3000.0,30.19669096917574
21.400000000000002,-3000.0,31.387128368603424
21.41,-3000.0,32.09841993581212
21.42,-3000.0,32.49199981814925
21.43,-3000.0,32.66172475008532
21.44,-3000.0,32.4310907186979
21.45,-3000.0,31.76766258761826
21.46,-3000.0,31.006942217598894
21.47,-3000.0,30.335715233842485
21.48,-3000.0,29.379905168659427
21.490000000000002,-3000.0,27.844740161273666
21.5,-3000.0,26.074334149004695
21.51,-3000.0,24.917628521752572
21.52,-3000.0,24.874526649055152
21.53,-3000.0,25.431063746989768
21.54,-3000.0,25.78809436472939
21.55,-3000.0,25.550506074783133
21.56,-3000.0,24.722530093306226
21.57,-3000.0,23.78456285573784
21.580000000000002,-3000.0,23.665630551585185
21.59,-3000.0,24.480226361389672
21.6,-3000.0,25.263398974599358
21.61,-3000.0,25.55825449628851
21.62,-3000.0,25.55430525374829
21.63,-3000.0,25.58654437469365
21.64,-3000.0,25.738291480108654
21.650000000000002,-3000.0,25.88891243871849
21.66,-3000.0,25.998483744656728
21.67,-3000.0,26.077061588958685
21.68,-3000.0,26.175886623125358
21.69,-3000.0,26.56392054627739
21.7,-3000.0,27.503897640454564
21.71,-3000.0,29.176035828498417
21.72,-3000.0,32.304953348106395
21.73,-3000.0,36.89164751801421
21.740000000000002,-3000.0,41.44903154227652
21.75,-3000.0,45.118310150507305
21.76,-3000.0,47.71843564725492
21.77,-3000.0,49.284399341603056
21.78,-3000.0,49.98564659156362
21.79,-3000.0,50.125384123099614
21.8,-3000.0,50.014920925715344
21.81,-3000.0,49.70467902078512
21.82,-3000.0,48.934578983178234
21.830000000000002,-3000.0,47.39436536399961
21.84,-3000.0,44.90103717117245
21.85,-3000.0,41.50273068052284
21.86,-3000.0,37.87926514776696
21.87,-3000.0,35.61459351812937
21.88,-3000.0,35.15213224186027
21.89,-3000.0,35.20097462980512
21.900000000000002,-3000.0,35.090390190452055
21.91,-3000.0,34.620194993586715
21.92,-3000.0,33.82956325048101
21.93,-3000.0,33.06452951409585
21.94,-3000.0,32.65982315745314
21.95,-3000.0,32.49018508977563
21.96,-3000.0,32.330099296179576
21.97,-3000.0,32.17371357746875
21.98,-3000.0,31.944421980368155
21.990000000000002,-3000.0,31.520714654249435
22.0,-3000.0,31.029399583495184
22.01,-3000.0,30.741725516436254
22.02,-3000.0,30.715228107645125
22.03,-3000.0,30.758727481227556
22.04,-3000.0,30.72131635128715
22.05,-3000.0,30.612513515073314
22.06,-3000.0,30.454810821402198
22.07,-3000.0,30.183530966320543
22.080000000000002,-3000.0,29.7594717694668
22.09,-3000.0,29.27848576469935
22.1,-3000.0,28.89793823102105
22.11,-3000.0,28.598162978393777
22.12,-3000.0,28.163262915060763
22.13,-3000.0,27.52700940345855
22.14,-3000.0,26.92208403201483
22.150000000000002,-3000.0,26.601002393835024
22.16,-3000.0,26.524205415719926
22.17,-3000.0,26.52747902858613
22.18,-3000.0,26.682727978053766
22.19,-3000.0,27.08513126138956
22.2,-3000.0,27.464429134013223
22.21,-3000.0,27.558132062984544
22.22,-3000.0,27.424486021511417
22.23,-3000.0,27.189711050804352
22.240000000000002,-3000.0,26.835293952843152
22.25,-3000.0,26.336898820221535
22.26,-3000.0,25.791221504199207
22.27,-3000.0,25.29455705976685
22.28,-3000.0,24.846695272939115
22.29,-3000.0,24.462865464503995
22.3,-3000.0,24.19343371654014
22.31,-3000.0,24.018236008546584
22.32,-3000.0,24.002397099658126
22.330000000000002,-3000.0,24.354713292867643
22.34,-3000.0,24.971310376317685
22.35,-3000.0,25.464649719616194
22.36,-3000.0,25.643106610473005
22.37,-3000.0,25.511613870008855
22.38,-3000.0,25.19573816996391
22.39,-3000.0,24.976758107499528
22.400000000000002,-3000.0,24.93985086300853
22.41,-3000.0,24.7287598100536
22.42,-3000.0,24.13801033790163
22.43,-3000.0,23.503169353622948
22.44,-3000.0,23.25785273376032
22.45,-3000.0,23.256204021369015
22.46,-3000.0,23.153152290591393
22.47,-3000.0,23.08005877525246
22.48,-3000.0,23.405397113760227
22.490000000000002,-3000.0,23.967783083265086
22.5,-3000.0,24.164257242445423
22.51,-3000.0,23.820877591585973
22.52,-3000.0,23.57853240515192
22.53,-3000.0,24.08262412050426
22.54,-3000.0,24.747403559640478
22.55,-3000.0,24.809606611848633
22.56,-3000.0,24.185331759890282
22.57,-3000.0,23.315988113472645
22.580000000000002,-3000.0,22.829581997618178
22.59,-3000.0,22.680381331117747
22.6,-3000.0,22.200920789044872
22.61,-3000.0,21.244749988360343
22.62,-3000.0,20.500125420686253
22.63,-3000.0,20.605948141236475
22.64,-3000.0,21.22870000883735
22.650000000000002,-3000.0,21.92734696888485
22.66,-3000.0,22.52525927313488
22.67,-3000.0,22.844041785751255
22.68,-3000.0,22.82196865426586
22.69,-3000.0,22.609289319645214
22.7,-3000.0,22.379894352670192
22.71,-3000.0,22.158297976420688
22.72,-3000.0,21.940857480608077
22.73,-3000.0,21.736959089870048
22.740000000000002,-3000.0,21.408409095216463
22.75,-3000.0,20.799306218324933
22.76,-3000.0,19.995677289679623
22.77,-3000.0,19.22795320479806
22.78,-3000.0,18.6001911533855
22.79,-3000.0,18.172581610892866
22.8,-3000.0,18.127891139214682
22.81,-3000.0,18.527152968130142
22.82,-3000.0,19.166987922422862
22.830000000000002,-3000.0,19.792512728593547
22.84,-3000.0,20.282040088266434
22.85,-3000.0,20.621516311382802
22.86,-3000.0,20.69111784529307
22.87,-3000.0,20.326285554296874
22.88,-3000.0,19.703142715842283
22.89,-3000.0,19.388565212593917
22.900000000000002,-3000.0,19.626858622048893
22.91,-3000.0,20.03858481173713
22.92,-3000.0,20.363249278379648
22.93,-3000.0,20.607941732764765
22.94,-3000.0,0.0
22.95,-3000.0,0.0
22.96,-3000.0,0.0
22.97,-3000.0,0.0
22.98,-3000.0,0.0
22.990000000000002,-3000.0,0.0
